name,price,web-site
Ôclub Experience Les Dunes d'Or 4* - Vente Flash,849,leclerc.com
Ôclub Experience Les Dunes D'Or 4*,849,leclerc.com
Hôtel Palais Al Bahja 3*,510,leclerc.com
Riad Angsana Collection 5*,579,leclerc.com
Hôtel Amani 3*,584,leclerc.com
Riad Sidi Mimoune,592,leclerc.com
Riad Les Trois Palmiers 3*,595,leclerc.com
Riad Les Jardins d'Hénia,641,leclerc.com
Riad Zwen Zwen Boutique Hôtel 3*,643,leclerc.com
Blue Sea Le Printemps 4*,646,leclerc.com
AppartHotel Atrani 3*,647,leclerc.com
Riad Jemaa El Fna Boutique Hôtel & Spa 4*,651,leclerc.com
Riad Miel & Citron & Spa,660,leclerc.com
Palm Plaza Hôtel & Spa 5*,666,leclerc.com
Dellarosa Boutique Hôtel 4*,668,leclerc.com
Dellarosa Boutique Hôtel 4*,668,leclerc.com
Riad Hôtels Palais Al Firdaous 3*,669,leclerc.com
Combiné Marrakech & Essaouira en Riad,674,leclerc.com
Zamzam Riad & Spa 4*,674,leclerc.com
Hôtel El Andalous & Spa Marrakech 4*,677,leclerc.com
Iberostar Club Palmeraie Marrakech All Inclusive,2573 €,promodujours.com
Riad Flam & Spa,2251 €,promodujours.com
Palais El Miria & SPA,2012 €,promodujours.com
Manzil La Tortue,1996 €,promodujours.com
Hotel Riu Tikida Palmeraie - All Inclusive,2233 €,promodujours.com
Hotel Al Kabir,1811 €,promodujours.com
The Central House Marrakech Medina,1834 €,promodujours.com
Villa Katia,2902 €,promodujours.com
Ibis Marrakech Centre Gare,1008 €,promodujours.com
Mogador Aqua Fun & Spa,845 €,promodujours.com
Hotel Le Grand Imilchil,3203 €,promodujours.com
Rawabi Hotel Marrakech & Spa,2883 €,promodujours.com
Kenzi Rose Garden,3205 €,promodujours.com
Ibis Marrakech Palmeraie,3406 €,promodujours.com
El Andalous Lounge & Spa Hotel,2718 €,promodujours.com
Appart-Hotel EZZAHIA by HMS,1799 €,promodujours.com
Caravan Serai,915 €,promodujours.com
Wazo Hotel,784 €,promodujours.com
Mogador Menzah Appart Hôtel,1596 €,promodujours.com
Zalagh Kasbah Hotel & Spa,2489 €,promodujours.com
Riad Chennaoui,3345 €,promodujours.com
The Bohemian Jungle,1004 €,promodujours.com
Chems Hotel,1693 €,promodujours.com
Riad Dar Colline,2173 €,promodujours.com
Ari Boutique Hôtel - Adult Only,3188 €,promodujours.com
Iberostar Club Palmeraie Marrakech All Inclusive,1347 €,Booking.com
Riad Flam & Spa,879 €,Booking.com
Palais El Miria & SPA,2849 €,Booking.com
Manzil La Tortue,2879 €,Booking.com
Hotel Riu Tikida Palmeraie - All Inclusive,2540 €,Booking.com
Hotel Al Kabir,2353 €,Booking.com
The Central House Marrakech Medina,706 €,Booking.com
Villa Katia,2830 €,Booking.com
Ibis Marrakech Centre Gare,1094 €,Booking.com
Mogador Aqua Fun & Spa,1731 €,Booking.com
Hotel Le Grand Imilchil,2728 €,Booking.com
Rawabi Hotel Marrakech & Spa,1030 €,Booking.com
Mövenpick Hotel Mansour Eddahbi Marrakech,2509 €,Booking.com
Kenzi Rose Garden,3054 €,Booking.com
Ibis Marrakech Palmeraie,780 €,Booking.com
El Andalous Lounge & Spa Hotel,3164 €,Booking.com
Appart-Hotel EZZAHIA by HMS,2479 €,Booking.com
Caravan Serai,3321 €,Booking.com
Wazo Hotel,3465 €,Booking.com
Mogador Menzah Appart Hôtel,3310 €,Booking.com
Zalagh Kasbah Hotel & Spa,712 €,Booking.com
Riad Chennaoui,2469 €,Booking.com
The Bohemian Jungle,2551 €,Booking.com
Chems Hotel,1499 €,Booking.com
Riad Dar Colline,1926 €,Booking.com
